Architecture,Seed_Index,Test_AUC,Test_DPD
Single_LightGBM,1,0.8266,0.2985
Hierarchical_MoE_K2,1,0.8264,0.2971
Hard_Partitioning_K2,1,0.7016,0.0319
Single_LightGBM,2,0.8287,0.2891
Hierarchical_MoE_K2,2,0.828,0.2869
Hard_Partitioning_K2,2,0.6984,0.0036
Single_LightGBM,3,0.8317,0.302
Hierarchical_MoE_K2,3,0.8316,0.299
Hard_Partitioning_K2,3,0.7065,0.0339
Single_LightGBM,4,0.8304,0.299
Hierarchical_MoE_K2,4,0.8306,0.2887
Hard_Partitioning_K2,4,0.7061,0.0149
Single_LightGBM,5,0.8312,0.3021
Hierarchical_MoE_K2,5,0.831,0.2979
Hard_Partitioning_K2,5,0.7071,0.0239
